framework,survival_rate,peak_sick_percentage,avg_sick_percentage,final_population,final_gini,final_happiness,total_deaths,delta_final_gini,delta_final_happiness,delta_final_meanWealth,duration_seconds,baseline_population,baseline_gini,baseline_happiness,baseline_wealth
altruist,1.0,99.46666666666667,77.04021349021349,153.11111111111111,0.29144444444444445,-0.5055555555555555,96.88888888888889,-0.008555555555555537,-1.5555555555555556,23.04814814814808,22.455555555555552,154.0,0.3,1.05,1522.66
asimov,1.0,99.46666666666667,77.04021349021349,153.11111111111111,0.29144444444444445,-0.5055555555555555,96.88888888888889,-0.008555555555555537,-1.5555555555555556,23.04814814814808,24.01111111111111,154.0,0.3,1.05,1522.66
bentham,1.0,99.46666666666667,77.04021349021349,153.11111111111111,0.29144444444444445,-0.5055555555555555,96.88888888888889,-0.008555555555555537,-1.5555555555555556,23.04814814814808,23.081481481481482,154.0,0.3,1.05,1522.66
egoist,1.0,99.46666666666667,77.04021349021349,153.11111111111111,0.29144444444444445,-0.5055555555555555,96.88888888888889,-0.008555555555555537,-1.5555555555555556,23.04814814814808,24.744444444444444,154.0,0.3,1.05,1522.66
negativeBentham,1.0,99.46666666666667,77.04021349021349,153.11111111111111,0.29144444444444445,-0.5055555555555555,96.88888888888889,-0.008555555555555537,-1.5555555555555556,23.04814814814808,24.78148148148148,154.0,0.3,1.05,1522.66
none,1.0,99.46666666666667,77.04021349021349,153.11111111111111,0.29144444444444445,-0.5055555555555555,96.88888888888889,-0.008555555555555537,-1.5555555555555556,23.04814814814808,24.15555555555556,154.0,0.3,1.05,1522.66
temperance,1.0,99.46666666666667,77.04021349021349,153.11111111111111,0.29144444444444445,-0.5055555555555555,96.88888888888889,-0.008555555555555537,-1.5555555555555556,23.04814814814808,25.522222222222222,154.0,0.3,1.05,1522.66
temperancePECS,1.0,99.46666666666667,77.04021349021349,153.11111111111111,0.29144444444444445,-0.5055555555555555,96.88888888888889,-0.008555555555555537,-1.5555555555555556,23.04814814814808,26.8,154.0,0.3,1.05,1522.66
