framework,survival_rate,peak_sick_percentage,avg_sick_percentage,final_population,final_gini,final_happiness,total_deaths,delta_final_gini,delta_final_happiness,delta_final_meanWealth,duration_seconds,baseline_population,baseline_gini,baseline_happiness,baseline_wealth
altruist,0.3194444444444444,11.677777777777777,8.634534715284715,30.33888888888889,0.08855,0.17777777777777778,219.6611111111111,-0.21145,-0.8722222222222222,-967.3309444444445,3.176388888888889,154.0,0.3,1.05,1522.66
asimov,0.3194444444444444,11.677777777777777,8.634534715284715,30.33888888888889,0.08855,0.17777777777777778,219.6611111111111,-0.21145,-0.8722222222222222,-967.3309444444445,3.076666666666666,154.0,0.3,1.05,1522.66
bentham,0.3194444444444444,11.677777777777777,8.634534715284715,30.33888888888889,0.08855,0.17777777777777778,219.6611111111111,-0.21145,-0.8722222222222222,-967.3309444444445,3.064722222222222,154.0,0.3,1.05,1522.66
egoist,0.3194444444444444,11.677777777777777,8.634534715284715,30.33888888888889,0.08855,0.17777777777777778,219.6611111111111,-0.21145,-0.8722222222222222,-967.3309444444445,3.0580555555555557,154.0,0.3,1.05,1522.66
negativeBentham,0.3194444444444444,11.677777777777777,8.634534715284715,30.33888888888889,0.08855,0.17777777777777778,219.6611111111111,-0.21145,-0.8722222222222222,-967.3309444444445,3.0636111111111113,154.0,0.3,1.05,1522.66
none,0.3194444444444444,11.677777777777777,8.634534715284715,30.33888888888889,0.08855,0.17777777777777778,219.6611111111111,-0.21145,-0.8722222222222222,-967.3309444444445,3.4444444444444446,154.0,0.3,1.05,1522.66
temperance,0.3194444444444444,11.677777777777777,8.634534715284715,30.33888888888889,0.08855,0.17777777777777778,219.6611111111111,-0.21145,-0.8722222222222222,-967.3309444444445,3.3794444444444443,154.0,0.3,1.05,1522.66
temperancePECS,0.3194444444444444,11.677777777777777,8.634534715284715,30.33888888888889,0.08855,0.17777777777777778,219.6611111111111,-0.21145,-0.8722222222222222,-967.3309444444445,3.3513888888888888,154.0,0.3,1.05,1522.66
