framework,survival_rate,peak_sick_percentage,avg_sick_percentage,final_population,final_gini,final_happiness,total_deaths,delta_final_gini,delta_final_happiness,delta_final_meanWealth,duration_seconds,baseline_population,baseline_gini,baseline_happiness,baseline_wealth
altruist,1.0,93.42222222222222,69.07627772227772,154.04444444444445,0.29462222222222223,-0.3122222222222222,95.95555555555555,-0.005377777777777763,-1.3622222222222222,16.940222222222136,12.497777777777777,154.0,0.3,1.05,1522.66
asimov,1.0,93.42222222222222,69.07627772227772,154.04444444444445,0.29462222222222223,-0.3122222222222222,95.95555555555555,-0.005377777777777763,-1.3622222222222222,16.940222222222136,12.415555555555557,154.0,0.3,1.05,1522.66
bentham,1.0,93.42222222222222,69.07627772227772,154.04444444444445,0.29462222222222223,-0.3122222222222222,95.95555555555555,-0.005377777777777763,-1.3622222222222222,16.940222222222136,12.54,154.0,0.3,1.05,1522.66
egoist,1.0,93.42222222222222,69.07627772227772,154.04444444444445,0.29462222222222223,-0.3122222222222222,95.95555555555555,-0.005377777777777763,-1.3622222222222222,16.940222222222136,13.013333333333334,154.0,0.3,1.05,1522.66
negativeBentham,1.0,93.42222222222222,69.07627772227772,154.04444444444445,0.29462222222222223,-0.3122222222222222,95.95555555555555,-0.005377777777777763,-1.3622222222222222,16.940222222222136,12.25111111111111,154.0,0.3,1.05,1522.66
none,1.0,93.42222222222222,69.07627772227772,154.04444444444445,0.29462222222222223,-0.3122222222222222,95.95555555555555,-0.005377777777777763,-1.3622222222222222,16.940222222222136,12.88,154.0,0.3,1.05,1522.66
temperance,1.0,93.42222222222222,69.07627772227772,154.04444444444445,0.29462222222222223,-0.3122222222222222,95.95555555555555,-0.005377777777777763,-1.3622222222222222,16.940222222222136,14.335555555555556,154.0,0.3,1.05,1522.66
temperancePECS,1.0,93.42222222222222,69.07627772227772,154.04444444444445,0.29462222222222223,-0.3122222222222222,95.95555555555555,-0.005377777777777763,-1.3622222222222222,16.940222222222136,14.851111111111111,154.0,0.3,1.05,1522.66
