framework,survival_rate,peak_sick_percentage,avg_sick_percentage,final_population,final_gini,final_happiness,total_deaths,delta_final_gini,delta_final_happiness,delta_final_meanWealth,duration_seconds,baseline_population,baseline_gini,baseline_happiness,baseline_wealth
altruist,0.4074074074074074,33.15555555555555,25.680071163404495,51.77777777777778,0.12544444444444444,-0.09444444444444444,198.22222222222223,-0.17455555555555555,-1.1444444444444444,-895.6239506172841,5.001234567901235,154.0,0.3,1.05,1522.66
asimov,0.4074074074074074,33.15555555555555,25.680071163404495,51.77777777777778,0.12544444444444444,-0.09444444444444444,198.22222222222223,-0.17455555555555555,-1.1444444444444444,-895.6239506172841,5.0,154.0,0.3,1.05,1522.66
bentham,0.4074074074074074,33.15555555555555,25.680071163404495,51.77777777777778,0.12544444444444444,-0.09444444444444444,198.22222222222223,-0.17455555555555555,-1.1444444444444444,-895.6239506172841,5.874074074074074,154.0,0.3,1.05,1522.66
egoist,0.4074074074074074,33.15555555555555,25.680071163404495,51.77777777777778,0.12544444444444444,-0.09444444444444444,198.22222222222223,-0.17455555555555555,-1.1444444444444444,-895.6239506172841,5.685185185185185,154.0,0.3,1.05,1522.66
negativeBentham,0.4074074074074074,33.15555555555555,25.680071163404495,51.77777777777778,0.12544444444444444,-0.09444444444444444,198.22222222222223,-0.17455555555555555,-1.1444444444444444,-895.6239506172841,5.674074074074074,154.0,0.3,1.05,1522.66
none,0.4074074074074074,33.15555555555555,25.680071163404495,51.77777777777778,0.12544444444444444,-0.09444444444444444,198.22222222222223,-0.17455555555555555,-1.1444444444444444,-895.6239506172841,5.18641975308642,154.0,0.3,1.05,1522.66
temperance,0.4074074074074074,33.15555555555555,25.680071163404495,51.77777777777778,0.12544444444444444,-0.09444444444444444,198.22222222222223,-0.17455555555555555,-1.1444444444444444,-895.6239506172841,5.939506172839507,154.0,0.3,1.05,1522.66
temperancePECS,0.4074074074074074,33.15555555555555,25.680071163404495,51.77777777777778,0.12544444444444444,-0.09444444444444444,198.22222222222223,-0.17455555555555555,-1.1444444444444444,-895.6239506172841,6.062962962962963,154.0,0.3,1.05,1522.66
