framework,survival_rate,peak_sick_percentage,avg_sick_percentage,final_population,final_gini,final_happiness,total_deaths,delta_final_gini,delta_final_happiness,delta_final_meanWealth,duration_seconds,baseline_population,baseline_gini,baseline_happiness,baseline_wealth
altruist,1.0,29.794,25.95071683871684,152.37777777777777,0.2895111111111111,0.4671111111111111,97.62222222222222,-0.010488888888888874,-0.5828888888888889,33.18911111111103,10.115555555555556,154.0,0.3,1.05,1522.66
asimov,1.0,29.794,25.95071683871684,152.37777777777777,0.2895111111111111,0.4671111111111111,97.62222222222222,-0.010488888888888874,-0.5828888888888889,33.18911111111103,10.095555555555556,154.0,0.3,1.05,1522.66
bentham,1.0,29.794,25.95071683871684,152.37777777777777,0.2895111111111111,0.4671111111111111,97.62222222222222,-0.010488888888888874,-0.5828888888888889,33.18911111111103,9.726666666666667,154.0,0.3,1.05,1522.66
egoist,1.0,29.794,25.95071683871684,152.37777777777777,0.2895111111111111,0.4671111111111111,97.62222222222222,-0.010488888888888874,-0.5828888888888889,33.18911111111103,9.922222222222222,154.0,0.3,1.05,1522.66
negativeBentham,1.0,29.794,25.95071683871684,152.37777777777777,0.2895111111111111,0.4671111111111111,97.62222222222222,-0.010488888888888874,-0.5828888888888889,33.18911111111103,10.077777777777778,154.0,0.3,1.05,1522.66
none,1.0,29.794,25.95071683871684,152.37777777777777,0.2895111111111111,0.4671111111111111,97.62222222222222,-0.010488888888888874,-0.5828888888888889,33.18911111111103,10.064444444444444,154.0,0.3,1.05,1522.66
temperance,1.0,29.794,25.95071683871684,152.37777777777777,0.2895111111111111,0.4671111111111111,97.62222222222222,-0.010488888888888874,-0.5828888888888889,33.18911111111103,11.244444444444444,154.0,0.3,1.05,1522.66
temperancePECS,1.0,29.794,25.95071683871684,152.37777777777777,0.2895111111111111,0.4671111111111111,97.62222222222222,-0.010488888888888874,-0.5828888888888889,33.18911111111103,11.353333333333333,154.0,0.3,1.05,1522.66
