framework,survival_rate,peak_sick_percentage,avg_sick_percentage,final_population,final_gini,final_happiness,total_deaths,delta_final_gini,delta_final_happiness,delta_final_meanWealth,duration_seconds,baseline_population,baseline_gini,baseline_happiness,baseline_wealth
altruist,0.23809523809523808,14.209523809523809,11.005744784316212,22.825396825396826,0.07801587301587301,0.023015873015873014,227.17460317460316,-0.22198412698412698,-1.0269841269841269,-1158.1016931216932,3.941269841269841,154.0,0.3,1.05,1522.66
asimov,0.23809523809523808,14.209523809523809,11.005744784316212,22.825396825396826,0.07801587301587301,0.023015873015873014,227.17460317460316,-0.22198412698412698,-1.0269841269841269,-1158.1016931216932,4.234920634920635,154.0,0.3,1.05,1522.66
bentham,0.23809523809523808,14.209523809523809,11.005744784316212,22.825396825396826,0.07801587301587301,0.023015873015873014,227.17460317460316,-0.22198412698412698,-1.0269841269841269,-1158.1016931216932,4.095767195767196,154.0,0.3,1.05,1522.66
egoist,0.23809523809523808,14.209523809523809,11.005744784316212,22.825396825396826,0.07801587301587301,0.023015873015873014,227.17460317460316,-0.22198412698412698,-1.0269841269841269,-1158.1016931216932,4.333862433862434,154.0,0.3,1.05,1522.66
negativeBentham,0.23809523809523808,14.209523809523809,11.005744784316212,22.825396825396826,0.07801587301587301,0.023015873015873014,227.17460317460316,-0.22198412698412698,-1.0269841269841269,-1158.1016931216932,4.341269841269841,154.0,0.3,1.05,1522.66
none,0.23809523809523808,14.209523809523809,11.005744784316212,22.825396825396826,0.07801587301587301,0.023015873015873014,227.17460317460316,-0.22198412698412698,-1.0269841269841269,-1158.1016931216932,4.225925925925926,154.0,0.3,1.05,1522.66
temperance,0.23809523809523808,14.209523809523809,11.005744784316212,22.825396825396826,0.07801587301587301,0.023015873015873014,227.17460317460316,-0.22198412698412698,-1.0269841269841269,-1158.1016931216932,4.42910052910053,154.0,0.3,1.05,1522.66
temperancePECS,0.23809523809523808,14.209523809523809,11.005744784316212,22.825396825396826,0.07801587301587301,0.023015873015873014,227.17460317460316,-0.22198412698412698,-1.0269841269841269,-1158.1016931216932,4.637037037037037,154.0,0.3,1.05,1522.66
