framework,survival_rate,peak_sick_percentage,avg_sick_percentage,final_population,final_gini,final_happiness,total_deaths,delta_final_gini,delta_final_happiness,delta_final_meanWealth,duration_seconds,baseline_population,baseline_gini,baseline_happiness,baseline_wealth
altruist,1.0,3.72425,3.243839604839605,150.78333333333333,0.2913,0.9508888888888889,99.21666666666667,-0.008699999999999987,-0.09911111111111111,32.800027777777686,9.484166666666667,154.0,0.3,1.05,1522.66
asimov,1.0,3.72425,3.243839604839605,150.78333333333333,0.2913,0.9508888888888889,99.21666666666667,-0.008699999999999987,-0.09911111111111111,32.800027777777686,9.470277777777778,154.0,0.3,1.05,1522.66
bentham,1.0,3.72425,3.243839604839605,150.78333333333333,0.2913,0.9508888888888889,99.21666666666667,-0.008699999999999987,-0.09911111111111111,32.800027777777686,9.487222222222222,154.0,0.3,1.05,1522.66
egoist,1.0,3.72425,3.243839604839605,150.78333333333333,0.2913,0.9508888888888889,99.21666666666667,-0.008699999999999987,-0.09911111111111111,32.800027777777686,9.4825,154.0,0.3,1.05,1522.66
negativeBentham,1.0,3.72425,3.243839604839605,150.78333333333333,0.2913,0.9508888888888889,99.21666666666667,-0.008699999999999987,-0.09911111111111111,32.800027777777686,9.45,154.0,0.3,1.05,1522.66
none,1.0,3.72425,3.243839604839605,150.78333333333333,0.2913,0.9508888888888889,99.21666666666667,-0.008699999999999987,-0.09911111111111111,32.800027777777686,9.526111111111112,154.0,0.3,1.05,1522.66
temperance,1.0,3.72425,3.243839604839605,150.78333333333333,0.2913,0.9508888888888889,99.21666666666667,-0.008699999999999987,-0.09911111111111111,32.800027777777686,10.982777777777779,154.0,0.3,1.05,1522.66
temperancePECS,1.0,3.72425,3.243839604839605,150.78333333333333,0.2913,0.9508888888888889,99.21666666666667,-0.008699999999999987,-0.09911111111111111,32.800027777777686,10.924722222222222,154.0,0.3,1.05,1522.66
