framework,survival_rate,peak_sick_percentage,avg_sick_percentage,final_population,final_gini,final_happiness,total_deaths,delta_final_gini,delta_final_happiness,delta_final_meanWealth,duration_seconds,baseline_population,baseline_gini,baseline_happiness,baseline_wealth
altruist,1.0,29.794,25.95071683871684,152.37777777777777,0.2895111111111111,0.4671111111111111,97.62222222222222,-0.010488888888888874,-0.5828888888888889,33.18911111111103,10.077777777777778,154.0,0.3,1.05,1522.66
asimov,1.0,29.794,25.95071683871684,152.37777777777777,0.2895111111111111,0.4671111111111111,97.62222222222222,-0.010488888888888874,-0.5828888888888889,33.18911111111103,10.188888888888888,154.0,0.3,1.05,1522.66
bentham,1.0,29.794,25.95071683871684,152.37777777777777,0.2895111111111111,0.4671111111111111,97.62222222222222,-0.010488888888888874,-0.5828888888888889,33.18911111111103,10.571111111111112,154.0,0.3,1.05,1522.66
egoist,1.0,29.794,25.95071683871684,152.37777777777777,0.2895111111111111,0.4671111111111111,97.62222222222222,-0.010488888888888874,-0.5828888888888889,33.18911111111103,10.14,154.0,0.3,1.05,1522.66
negativeBentham,1.0,29.794,25.95071683871684,152.37777777777777,0.2895111111111111,0.4671111111111111,97.62222222222222,-0.010488888888888874,-0.5828888888888889,33.18911111111103,10.573333333333334,154.0,0.3,1.05,1522.66
none,1.0,29.794,25.95071683871684,152.37777777777777,0.2895111111111111,0.4671111111111111,97.62222222222222,-0.010488888888888874,-0.5828888888888889,33.18911111111103,10.88,154.0,0.3,1.05,1522.66
temperance,1.0,29.794,25.95071683871684,152.37777777777777,0.2895111111111111,0.4671111111111111,97.62222222222222,-0.010488888888888874,-0.5828888888888889,33.18911111111103,12.346666666666668,154.0,0.3,1.05,1522.66
temperancePECS,1.0,29.794,25.95071683871684,152.37777777777777,0.2895111111111111,0.4671111111111111,97.62222222222222,-0.010488888888888874,-0.5828888888888889,33.18911111111103,11.65111111111111,154.0,0.3,1.05,1522.66
